INSERT INTO person_type (type) 
VALUES
 ("User"),
 ("Driver"),
 ("Admin"),
 ("Maintainer"),
 ("Tester");

INSERT INTO person (first_name,last_name,password,date_of_birth,username,person_type_id)
VALUES
  ("Solomon","Salazar","OKP78ELK6RI","1983-01-04","suspendisse.sed@utnisi.net",1),
  ("Hanae","Gamble","MVM83HHY4HO","1998-04-27","in.ornare@tellusnunc.ca",1),
  ("Uma","Hester","OWH44XSU5WJ","1987-10-27","sit.amet@metuseuerat.edu",2),
  ("Silas","Sullivan","SUS26KUU6YL","2006-05-11","ultricies@mauriss.com",2),
  ("Kaitlin","Hogan","UCN59IOP3UA","2008-06-30","duis.sit.amet@non.com",1),
  ("Jenna","Wheeler","EXY25FCH2HW","1986-01-27","sodales@inloremdonec.edu",1),
  ("Buckminster","Prince","SRQ89TKD1BQ","1990-07-10","eleifend.egestas@sagittisnullam.co.uk",2),
  ("Candice","Macias","PKC49OPB7HO","1981-01-26","adipiscing.elit@penatibuset.com",2),
  ("Kasper","Donaldson","WKC77EYO0HU","2005-02-13","imperdiet.nec@pellentesqueultricies.com",1),
  ("Uriah","Nichols","PVV75CKU7TL","1978-03-11","accumsan.interdum@risus.ca",1);
INSERT INTO person (first_name,last_name,password,date_of_birth,username,person_type_id)
VALUES
  ("Harper","Levy","DWU55HDF3AV","1981-09-06","justo@aliquamerat.ca",2),
  ("Mollie","Lloyd","UGK33RLW6LW","1981-02-05","cras.lorem.lorem@facilisismagna.ca",2),
  ("Joelle","Becker","HSC38GSH7EW","2006-06-14","est.mauris@anteipsum.org",2),
  ("Dalton","Baxter","YYG86DPM2VQ","2010-12-14","quisque.fringilla@sitamet.net",2),
  ("Chadwick","Solis","MEY54GDO4GR","1975-03-04","eleifend.vitae.erat@dictum.com",2),
  ("Gray","Montoya","SYM63DWO1AD","1980-07-05","urna.ut.tincidunt@ipsumprimis.ca",2),
  ("Cedric","Hays","TPP62OOT5MF","1999-09-10","nisl@actellus.edu",2),
  ("Kuame","Townsend","DKS19YET5FP","2006-09-27","odio.sagittis@scelerisquescelerisquedui.co.uk",2),
  ("Blossom","Dixon","SFI88IFN0EV","1982-10-25","sem@loremtristique.co.uk",2),
  ("Paul","Frank","AQT63RUH5YV","1988-05-16","odio.etiam@dolorelitpellentesque.net",2);
INSERT INTO person (first_name,last_name,password,date_of_birth,username,person_type_id)
VALUES
  ("Nolan","Fischer","SNW26TQU3GD","1994-11-11","ante.ipsum@aliquetdiam.co.uk",1),
  ("Charde","Hood","CVH89XHJ5LI","1982-02-26","convallis@euultrices.co.uk",1),
  ("Asher","Wiggins","QCB11PGJ9RK","1989-05-15","non.sapien@sagittisnullam.com",2),
  ("Len","Moody","TML57IJV2EE","2000-04-18","blandit.enim@musaenean.com",2),
  ("Moana","Brown","KEX12BLL2JK","2008-01-14","tempor.arcu@dictum.edu",1),
  ("Blaze","Coleman","FLT55ZNH8SX","2014-06-19","enim.mi@mauriseu.co.uk",1),
  ("Zorita","Hammond","FTQ04CFM6GL","1975-12-27","est@aliquetproin.edu",2),
  ("Willow","Stephens","ALH53NVJ2VZ","2006-01-15","ultrices.a@porttito.co.uk",2),
  ("Ramona","Turner","MPW50VGN7QI","1989-11-29","sem.ut@vitaeerat.net",1),
  ("Kiayada","White","MHV14XJH7SD","2016-09-03","nec.urna@idsapien.org",1);
INSERT INTO person (first_name,last_name,password,date_of_birth,username,person_type_id)
VALUES
  ("Zane","Roy","XMW17SOH6VW","1974-11-22","quisque.varius@nec.edu",2),
  ("Russell","Neal","KGY73HZS4HT","1981-07-30","amet@purusinmolestie.ca",2),
  ("Cheryl","Cash","KPZ75SUI0HQ","2011-05-12","quisque@volutpatnulla.edu",1),
  ("Herrod","Harding","XZJ87GPS3PH","2011-10-18","ac.libero.nec@sedcongue.com",1),
  ("Lesley","Hurley","VBH75CJU2IW","1980-10-13","nunc.pulvinar@arcuvivamussit.net",2),
  ("Peter","Newman","USI27DSD5MH","2008-03-26","enim.mauris.quis@leovivamusnibh.edu",2),
  ("Bevis","Holden","QNC85YMN6XL","1989-04-18","lobortis@a.org",1),
  ("Galvin","Benton","AQX83EFY1NH","1996-07-21","vitae.erat@accumsaninterdum.ca",1),
  ("Destiny","Gonzales","RMU75WEI7SR","1995-01-08","auctor.vitae.aliquet@faucibusutnulla.com",2),
  ("Hayfa","Hunt","YRT74RIQ9IZ","2013-08-23","sit.amet.ante@eratvolutpat.ca",2);
INSERT INTO person (first_name,last_name,password,date_of_birth,username,person_type_id)
VALUES
  ("Wing","Hurst","RYB11BHA6TC","2009-10-01","non.vestibulum@imperdietnon.co.uk",1),
  ("Solomon","Hood","VOE02OIU8VT","2018-06-11","id.blandit@sagittis.co.uk",1),
  ("Adam","Sullivan","EXG16FQJ5MR","1982-05-05","nibh.vulputate@sitamet.ca",2),
  ("Oliver","Harmon","LON46YIK1SC","1974-10-06","et@inmagna.org",2),
  ("Nash","Bass","QLK76HXL3KP","1987-04-05","nunc@ultricesposuere.com",1),
  ("Jillian","Sawyer","GFW66YLS1XY","1985-03-12","non@fringilladonec.co.uk",1),
  ("Alan","Lambert","RVV36QWS9MY","1982-09-08","semper.cursus@adipiscingelitcurabitur.net",2),
  ("Jena","Reed","QPK32IUS9WX","1982-11-05","fermentum.fermentum@nonlorem.edu",2),
  ("Hadassah","Monroe","XDQ71FWN8DX","1991-11-12","habitant.morbi@scelerisquesed.ca",1),
  ("Cooper","Blanchard","USA25NWF8HV","2007-01-07","sapien@utquamvel.ca",1);
INSERT INTO person (first_name,last_name,password,date_of_birth,username,person_type_id)
VALUES
  ("Maxine","Mason","IYZ81ONC9YE","1990-04-23","suspendisse.dui@sodalespurus.net",2),
  ("Kylie","Shelton","NCU72XXI5YD","1987-04-09","suspendisse@diam.ca",2),
  ("Garth","Hale","YEB13GLY0IQ","1974-04-05","curabitur.dictum@susealiquet.com",1),
  ("Dale","Dickerson","RAY76LXM4CP","1994-04-15","mauris.eu@dictumeu.edu",1),
  ("Amela","Hickman","ISV43QVR4UJ","1993-07-29","lorem.ipsum@risus.net",2),
  ("Helen","Delaney","ETL95VPX3KY","2004-11-11","velit@arcueuodio.com",2),
  ("Constance","Holcomb","UCX59ZLR3LO","1997-09-07","faucibus.orci.luctus@antebibendumu.co.uk",1),
  ("Minerva","Albert","UNZ39DRJ3OB","1999-11-28","orci.luctus@magnacras.net",1),
  ("Ferdinand","Lara","VWU78JJC8QW","1982-03-07","elementum.dui.quis@egestashendreritneque.edu",2),
  ("Barrett","Reyes","ITI91FPI2KR","2005-06-26","feugiat.sed@malesuada.co.uk",2);
INSERT INTO person (first_name,last_name,password,date_of_birth,username,person_type_id)
VALUES
  ("Brianna","Cobb","DLB66BUK6ET","1993-06-10","sed.auctor.odio@curaedonec.org",1),
  ("Savannah","Dejesus","AGJ27PUN5JI","2018-05-09","aliquam.enim@arcuvel.edu",1),
  ("Paul","Francis","DGM58PVN7KV","2017-09-06","et@est.com",2),
  ("Stewart","Acosta","VFE42MAR1VI","1978-12-15","amet.risus@hendrerita.com",2),
  ("Connor","Dotson","IZI10SDB3LY","1976-09-28","suspendisse@facilisised.co.uk",1),
  ("Harriet","Goff","NIS53JXR1VN","2003-02-19","sed@purusaccumsan.net",1),
  ("Mira","Kirkland","KVB25ELC8PR","2011-09-19","morbi.neque@craseu.edu",2),
  ("Frances","Bennett","WGM68JPL7BG","1977-07-17","ipsum.primis@maurissit.com",2),
  ("Unity","Foster","RRK70DAX3MN","1992-05-11","ultricies.adipiscing@donecsollicitudin.co.uk",1),
  ("Ishmael","Dyer","FSO28HFH4DD","2010-10-29","faucibus.morbi@ut.com",1);
INSERT INTO person (first_name,last_name,password,date_of_birth,username,person_type_id)
VALUES
  ("Noelani","Frank","GFY00RUE7ES","1993-11-10","sed.dictum@convallisincursus.ca",2),
  ("Lucas","Ochoa","XRS03APT9PS","1987-03-24","quisque.nonummy@tempordiam.co.uk",2),
  ("Olga","Hardy","QYZ65OHV9LW","1999-10-11","tristique.aliquet@placerategetvenenatis.ca",1),
  ("Chanda","Washington","XXV56ECJ8TI","1989-03-09","id@orcilacusvestibulum.net",1),
  ("Jana","Byers","YNN15JBQ6LG","2008-09-30","sodales.at@sapienaeneanmassa.ca",2),
  ("Keefe","Fields","SUN44RFX7WM","2006-05-09","leo.elementum@ametultricies.net",2),
  ("Veda","Albert","HQK45QII9HP","2002-02-12","aptent@suspendisseacmetus.edu",1),
  ("Katelyn","Holden","XVV33KJK1NO","1976-06-20","eu.nibh@arcu.co.uk",1),
  ("Kyla","Morrison","LFI37VVE2BO","1992-05-11","et.rutrum@ultricesa.ca",2),
  ("Ignacia","Jenkins","DBN60ZHA2SW","1984-01-07","in.condimentum@proinmi.net",2);
INSERT INTO person (first_name,last_name,password,date_of_birth,username,person_type_id)
VALUES
  ("Sarah","Burks","VIY27OYG1HQ","2001-10-02","donec.elementum@duifuscediam.com",1),
  ("Jacob","Wise","XKI21VFR8UI","1986-06-09","at.pede.cras@arcuvestibulum.ca",1),
  ("Garrett","O'brien","TBE97VFD7KT","2018-10-23","mauris@consequatnec.net",2),
  ("Hammett","Snyder","ZNS35QIJ3SU","1981-07-20","turpis.nulla@egestas.edu",2),
  ("Macon","Thomas","NGF20SYY5NF","2004-10-30","fringilla.cursus@venenatisvelfaucibus.ca",1),
  ("Zelenia","Talley","YPQ45USU5HB","2002-10-07","eget@elitetiamlaoreet.ca",1),
  ("Benedict","Woods","JEG28XWK2XF","1983-12-09","cursus.luctus@dictum.edu",2),
  ("Jena","Haley","KTI33KTW9SW","2014-05-01","massa@consequatdolorvitae.ca",2),
  ("Brody","Terrell","BSL43SXW6QY","1974-01-24","eu.sem@etiamlaoreetlibero.ca",1),
  ("Austin","Pate","ULI44UMT2QS","1973-11-26","luctus.lobortis.class@lacusquisque.org",1);
INSERT INTO person (first_name,last_name,password,date_of_birth,username,person_type_id)
VALUES
  ("Jordan","O'brien","LPR06MBC4WQ","1983-07-11","vitae.sodales@nequetellusimperdiet.co.uk",3),
  ("Megan","Skinner","KNL37VIT5HR","1983-09-26","lobortis.ndisse@intco.uk",3),
  ("Lucius","Gillespie","SAV65GCP8JA","1991-06-24","ac.urna@egetmagna.com",4),
  ("Shannon","Holcomb","ZDZ78DTO1NV","2006-10-03","proin.ultrices.duis@diamproin.ca",5),
  ("Xanthus","Houston","CEN08QYZ2LI","1992-08-30","auctor.mauris@elit.com",3),
  ("Aiko","Hernandez","EGD45IEG3AG","1973-11-04","scelerisque.lorem@aliquet.com",3),
  ("Daria","Rice","YCK10GIJ1CQ","2002-12-08","non.bibendum@dignissimmnare.com",4),
  ("Hiroko","Ellison","MVB98BYQ8YP","1990-06-21","dui@neceuismod.com",5),
  ("Driscoll","Lamb","PWG84VKQ0DN","2004-12-08","eu.tellus@consectetueripsumnunc.edu",3),
  ("Susan","Howe","MDY54RML3UQ","1975-09-15","cras.sed@eget.net",5);


INSERT INTO `car` (`person_id`, `plate`, `type`, `brand`)
VALUES
 (3, "7DMW960", "Sedan", "Fiat"),
 (4, "BGY4540", "Sedan", "Peugeot"),
 (7, "4SAH241", NULL, "Volvo"),
 (8, "6JIM110", "Sedan", "Volkswagen"),
 (11, "FIRE31", NULL, "Fiat"),
 (12, "7ZEK546", NULL, "Volvo");

INSERT INTO `shift` (`start_time`, `end_time`)
VALUES
 ("2020-01-01 08:00:00", "2020-01-01 18:00:00"),
 ("2020-01-02 08:00:00", "2020-01-02 18:00:00"),
 ("2020-01-03 08:00:00", "2020-01-03 18:00:00"),
 ("2020-01-04 08:00:00", "2020-01-04 18:00:00"),
 ("2020-01-05 08:00:00", "2020-01-05 18:00:00"),
 ("2020-01-06 08:00:00", "2020-01-06 18:00:00"),
 ("2020-01-07 08:00:00", "2020-01-07 18:00:00");

INSERT INTO `driver_has_shift` (`person_id`, `shift_id`)
VALUES 
(1, 1),
(1, 2),
(1, 3),
(2, 1),
(2, 2),
(2, 3);

INSERT INTO `cuisine` (`cuisine_name`)
VALUES 
 ("Italian"),
 ("Czech"),
 ("American"),
 ("Korean"),
 ("Japanese"),
 ("Chinese"),
 ("Turkish"),
 ("Vietnamese"),
 ("Slovak");

INSERT INTO `address` (`city`, `street`, `street_number`, `zip`, `description`, `floor`)
VALUES 
 ("Brno", "Purkynova", "250", "612 00", NULL, 4),
 ("Brno", "Purkynova", "250", "612 00", NULL, 3),
 ("Brno", "Purkynova", "254", "612 00", NULL, NULL),
 ("Brno", "Purkynova", "251", "612 00", NULL, 1),
 ("Brno", "Pekarka", "10", "642 00", NULL, 2),
 ("Brno", "Purkynova", "251", "612 00", NULL, 1),
 ("Brno", "Purkynova", "352", "612 00", NULL, 2),
 ("Brno", "Purkynova", "153", "612 00", NULL, 4),
 ("Brno", "Purkynova", "21", "612 00", NULL, 1),
 ("Brno", "Pekarka", "10", "642 00", NULL, 2),
 ("Praha", "Nerudova", "80", "100 00", "Behind building", 1),
 ("Ostrava", "Hlavni", "76", "700 30", NULL, NULL),
 ("Praha", "Staromak", "167", "101 00", NULL, NULL)
;

INSERT INTO `restaurant` (`address_id`, `name`, `cuisine_id`)
VALUES 
 (1, "McDonnald", 3),
 (2, "Pho Now", 8),
 (3, "Go", 8), 
 (4, "Dreveny orel", 2),
 (5, "KFC", 3)
;


INSERT INTO `dish` (`name`)
VALUES
 ("Hoeddeok"),
 ("Bulgogi"),
 ("Samgyeopsal"),
 ("Japchae"),
 ("Kimchi"),
 ("Samgyeopsal"),
 ("Japchae")
;


INSERT INTO `user_has_address` (`person_id`, `address_id`, `type`)
VALUES
 (11, 6, "main"),
 (12, 7, NULL),
 (13, 8, NULL),
 (14, 9, NULL),
 (15, 10, NULL)
;

INSERT INTO `contact` (`person_id`, `type`, `value`)
VALUES
 (11, "phone", "+420165465465"),
 (12, "phone", "+420654654654"),
 (13, "phone", "+420602312123"),
 (14, "phone", "+420298541985"),
 (15, "facebook", "marty")
;

INSERT INTO `delivery` (`person_id`, `driver_id`, `arrival`, `delivery_fee`)
VALUES 
 (11, 1, NULL, 17),
 (11, 1, "2020-01-07 15:20:00", 30),
 (12, 2, NULL, 30),
 (13, 1, NULL, 20),
 (14, 5, "2020-01-07 16:24:00", 55),
 (14,1, NULL, 20),
 (11, 2, "2020-01-07 15:21:00", 30)
;


INSERT INTO `dish_has_restaurant` (`dish_id`, `restaurant_id`, `price`)
VALUES 
 (1, 1, 200),
 (2, 1, 120),
 (1, 2, 162),
 (2, 3, 123),
 (3, 1, 312),
 (4, 2, 150),
 (5, 3, 320)
;


INSERT INTO `delivery_has_dish_has_restaurant` (`delivery_id`, `dish_id`, `restaurant_id`, `user_requirements`)
VALUES
 (1, 1, 1, NULL),
 (1, 2, 1, NULL),
 (2, 1, 2, NULL),
 (3, 2, 3, NULL),
 (4, 3, 1, NULL),
 (5, 4, 2, NULL),
 (6, 5, 3, NULL)
;

INSERT INTO `review` (`person_id`, `dish_id`, `restaurant_id`, `driver_id`, `rating`, `text`)
VALUES
 (11, 1, 1, NULL, 1, "Nedoporucuji"),
 (11, 2, 1, NULL, 2, "Nedoporucuji nechutnalo"),
 (11, 1, 2, NULL, 5, "Bylo super jidlo"),
 (13, NULL, NULL, 1, 5, "Sympatak"),
 (13, NULL, NULL, 2, 4, NULL),   
 (15, 3, 1, NULL, 4, NULL),
 (15, 4, 2, NULL, 5, NULL)
;